,subclass_label
CCGTTCAGTACGACCC,HCC827
TGAAAGACACTGTTAG,HCC827
CTGAAACAGAGACTAT,HCC827
GACTGCGCACGAAACG,HCC827
AGCAGCCTCCTCGCAT,HCC827
TTCTCAAGTTACGACT,H1975
AGTGTCAGTATCTGCA,HCC827
TGAGAGGAGATCGATA,HCC827
TTCGAAGGTTCCGTCT,HCC827
CTCATTACATTCCTCG,HCC827
TCAGATGTCCTCAACC,H1975
CAGGTGCGTTAAGAAC,HCC827
AGTTGGTTCGGTTAAC,HCC827
CTCGGGATCATGCAAC,HCC827
AATCCAGTCGAGCCCA,H1975
ATCATCTTCCGTAGGC,HCC827
GGAATAATCCATGAGT,HCC827
ATTATCCCACTTGGAT,HCC827
TATTACCAGACCTAGG,HCC827
CGTTCTGGTCCAAGTT,HCC827
TACTTGTAGGTGACCA,HCC827
TACGGTACATACAGCT,HCC827
CGACCTTAGTAAGTAC,HCC827
GATCAGTCAAGTCATC,HCC827
CCTAGCTCATCTGGTA,H1975
TCAATCTGTGGCCCTA,H1975
CACCTTGTCTGGTTCC,HCC827
TACTCATAGTCCTCCT,HCC827
ATTACTCGTTCGTCTC,HCC827
AGCTCCTTCCCAAGTA,HCC827
TACCTATCACAGGCCT,HCC827
TTAACTCCAGACAAGC,HCC827
TCCACACCACTATCTT,HCC827
ATCCACCTCGCATGGC,HCC827
TGGCGCACAACTGCGC,H2228
TATGCCCGTAGCAAAT,HCC827
GTAACGTGTCAAACTC,HCC827
CCAATCCGTCTAGGTT,H2228
GATTCAGGTAACGTTC,HCC827
GTTACAGAGTTCGCAT,HCC827
ACTGTCCTCCCTAATT,HCC827
CCAGCGACAGCGATCC,H1975
AACACGTGTCGAACAG,HCC827
CATTCGCGTTGGTGGA,H1975
AATCCAGCACGTCAGC,HCC827
GATGAGGCACTTACGA,HCC827
TTAACTCAGCTGCAAG,HCC827
GTTCGGGAGATCCGAG,H1975
GGACATTTCGAGGTAG,HCC827
TTAGGACGTGTTCGAT,HCC827
GAGCAGATCTTCCTTC,H1975
AGAGTGGCAATCTGCA,HCC827
GCAGTTATCGGACAAG,HCC827
CCACTACCAGACAAGC,HCC827
TGAGCATGTTGCTCCT,HCC827
ACTTTCATCACAAACC,HCC827
ATTATCCGTAGGCATG,HCC827
CTGAAGTCAAGGGTCA,HCC827
CTCAGAATCATCATTC,H1975
GATGCTAGTAGCACGA,HCC827
GGGTTGCTCTCACATT,HCC827
CTGCGGACAGCGAACA,H1975
TGGCTGGCACACCGAC,HCC827
CCACGGATCGAGGTAG,H1975
AAGCCGCAGAAGGTTT,H2228
CAGAGAGGTACCGTAT,HCC827
CACATAGCACGCCAGT,HCC827
GATCGTACACGCATCG,HCC827
CCTTTCTTCAATCACG,HCC827
CCACGGACATTCACTT,H1975
AACCGCGGTCATATGC,HCC827
CCCAGTTTCCGTAGTA,H2228
GATCGTAGTCTCCATC,H1975
TTGAACGAGTGAAGAG,H2228
TACAGTGTCAGGCAAG,HCC827
GTGCAGCGTCAAAGAT,H2228
CCTACCACATGTTGAC,H1975
GACCTGGCAGCTGCTG,H2228
GTATCTTGTCCGACGT,H2228
CCCAATCCACAACGCC,H2228
GGACGTCCATTTGCTT,HCC827
AACCATGTCCGCATCT,H1975
CATGCCTCATTGGGCC,HCC827
TTGAACGTCGCAAGCC,H1975
CCACTACCATCGATGT,HCC827
TGGCGCAGTAACGTTC,H1975
TACTTACTCTGCCAGG,HCC827
CGTCACTGTTCATGGT,H2228
ACACCAACAAGTACCT,H1975
AGCCTAACAGGTCTCG,HCC827
AACTCTTAGATGGCGT,H1975
TCAGATGAGTCTTGCA,HCC827
TCAACGATCTGTTGAG,HCC827
TTCCCAGAGAGTAATC,H2228
TACTCGCTCATCGATG,H2228
CCTTCGAAGCTAACTC,HCC827
AACCGCGCATGTCGAT,H1975
ACTGAACGTAAATACG,H1975
CAGCATAAGGATGTAT,HCC827
GCGAGAAAGCAAATCA,H1975
CACACAATCAAACCAC,HCC827
TAGGCATTCTGTCCGT,H1975
TAAGAGAGTGCGGTAA,HCC827
TCTGAGACATACGCCG,HCC827
AAGGAGCAGCCGTCGT,H1975
GCCAAATGTGGCTCCA,H2228
GCTGCTTCACGAAAGC,HCC827
CACAGGCGTACTCGCG,H2228
TAGTGGTAGTTGAGTA,HCC827
CCCAATCCACGCATCG,H2228
ATCTACTCATGTTCCC,HCC827
AACTCTTTCGGTGTCG,HCC827
GTTCTCGAGCTAAGAT,H1975
AACGTTGGTAAGTTCC,H1975
GGTATTGTCCGCGGTA,HCC827
TTTGGTTCAGTCAGCC,HCC827
TTAGTTCCAACACGCC,HCC827
CAAGGCCTCCCACTTG,H2228
AGAGCGATCAGAGGTG,HCC827
CATGACACAGGTCTCG,HCC827
CAGCCGAGTCTAGCGC,H2228
TTCTACACAGGATCGA,H1975
AAGACCTAGACGCACA,HCC827
ACGCAGCCAGGTTTCA,H1975
CCTATTACAGCGTTCG,H2228
TGAGGGAGTTGTCGCG,H2228
CTGCTGTAGCGATGAC,HCC827
TCAGCAAAGATGCGAC,H2228
TGGTTCCTCGAGGTAG,HCC827
GTACTTTTCAATCACG,H1975
GGACATTAGGAGTTTA,H1975
CTCTAATTCTTGACGA,H2228
AGATCTGCAAGCGATG,H1975
GCTTCCAGTGGCGAAT,H1975
TGTGTTTAGCGAAGGG,H1975
TCGTAGACAAGCGAGT,HCC827
TTGGAACCATGAAGTA,H1975
GTGAAGGGTCGCTTCT,H1975
TAGCCGGAGCTCAACT,HCC827
CTGATCCGTTGACGTT,HCC827
GATGAAATCCAAGTAC,H1975
AAAGCAACATCAGTAC,H2228
GAGCAGAAGTATGACA,H1975
GATCTAGAGGCACATG,H2228
ATCACGATCCTGCTTG,HCC827
AGAATAGCACAGAGGT,HCC827
CTAGAGTTCTCGATGA,H2228
GCTGCGAAGACATAAC,HCC827
GGGCACTGTACAGTTC,HCC827
GAATAAGGTATTCTCT,HCC827
ACTTGTTTCACAGTAC,HCC827
TATCAGGAGGAGTTTA,H2228
ACTATCTGTTTGGGCC,H2228
CACACAAGTCAACTGT,H1975
CGGGTCAGTACAGCAG,HCC827
CGCCAAGCATACGCTA,H1975
ACGGGTCTCACCATAG,H1975
AACCGCGGTTATGCGT,HCC827
GCGACCAGTGATGCCC,HCC827
GCATACATCCCTTGCA,HCC827
GCTGCGAAGTTAACGA,HCC827
CGCTTCAAGATAGCAT,H1975
CCTTCGAGTGTGAAAT,H2228
AGTGGGAGTAAGGATT,H1975
AACTCTTTCCCAACGG,HCC827
GAAACTCAGCAAATCA,H2228
AGCATACGTCAATGTC,H1975
ATTTCTGCACAGGCCT,H2228
CAACCTCGTGGTCTCG,H1975
TCGAGGCAGACACTAA,HCC827
AAGGAGCTCGTCCGTT,HCC827
AGCTCTCGTCCGAAGA,H2228
CGACTTCTCAATCTCT,H1975
GTAGTCATCTCGAGTA,HCC827
CAACCTCGTCATATGC,H2228
ACAGCCGGTGTTTGTG,H2228
ACGAGGAGTAAGAGAG,H2228
CGGACGTGTATAAACG,HCC827
TCGAGGCCATGCCCGA,HCC827
GCTTCCAGTTCACGGC,H1975
TTGAACGGTGCCTGTG,H2228
AGTCTTTCAGCCTTTC,HCC827
TCTCATAAGAGACTAT,HCC827
ATTGGTGAGCTCAACT,H1975
ACGGAGATCACCGGGT,HCC827
GGAAAGCAGGCTAGGT,H1975
CTCATTAAGAAGGCCT,HCC827
GGCGACTAGGCAAAGA,HCC827
CTGCCTACAATCTACG,H2228
TCTCTAATCAGTTAGC,HCC827
GTTAAGCAGTACGATA,H2228
TGTATTCAGATATGGT,HCC827
TATCTCACAACACCTA,H2228
GTTTCTAAGAGCTTCT,H2228
TTTGGTTTCCATTCTA,H2228
CTCTAATGTGAGCGAT,H1975
ACGGGCTCAGGGCATA,H2228
TAGTGGTAGCGCTCCA,HCC827
TTAGGACTCTGCTGTC,H1975
TTAGTTCTCTCCGGTT,H2228
CAGCTGGTCCTAGTGA,HCC827
AGCATACCAAGAGTCG,H2228
CATCGAACAGGTCTCG,HCC827
TGCTACCTCCGCAAGC,HCC827
TTAACTCGTGCAACGA,H1975
GCTCCTAGTGTAAGTA,H1975
ACTGAGTTCTCGTTTA,HCC827
ACACCGGTCCTTGGTC,H2228
ACTTTCAAGCCGGTAA,HCC827
CACCAGGAGGAGCGAG,H1975
AACTGGTCAACTGGCC,H1975
TGACAACTCGAATGGG,H1975
GACCTGGTCATGTCCC,HCC827
CCTAGCTTCGCCTGAG,H1975
TACTCATGTAGTAGTA,HCC827
TATCAGGGTTACCGAT,H2228
GTAACGTCACATTCGA,H1975
CACACTCCAGTATCTG,H1975
CCTACCAAGAGACGAA,H2228
TCTATTGGTCAATGTC,H2228
ATGTGTGCAGCCACCA,H1975
TCGGGACAGGATATAC,HCC827
AGAGTGGGTCTGATTG,HCC827
CTTAACTTCCGAAGAG,H1975
CCTACACTCAACTCTT,HCC827
CAGCAGCAGAGTGACC,HCC827
CAACCAAGTAAACCTC,H1975
TGGACGCTCAAACCAC,H2228
GATCGATCACTAAGTC,HCC827
CACTCCACAATAGCAA,H1975
TGCCCTATCTTAGAGC,HCC827
AATCGGTGTTGATTGC,HCC827
GATGAGGTCCGTAGGC,H1975
TAAGTGCAGGTAGCTG,HCC827
AAGCCGCAGCTGGAAC,H1975
CTGATAGTCGTCCAGG,HCC827
GGGATGAGTGCAACGA,H2228
GGCGACTCACCACCAG,H1975
CTTAGGAGTACGCTGC,H2228
ACGTCAAGTTGTGGAG,H2228
CATGCCTTCGAATGCT,HCC827
AGATTGCCATCGATTG,H1975
GGGAATGTCTGAAAGA,H1975
ACAGCTATCTGGTATG,HCC827
GTACTTTCAGCTGTTA,HCC827
AGATCTGTCCGCATCT,H2228
ACGCCGAGTTACGACT,H1975
GATGCTAGTAGAAAGG,HCC827
TGAGCCGTCAGCTGGC,H1975
GTTAAGCCATCCCATC,H2228
ACTGATGAGCACCGTC,HCC827
CTCTACGTCCGAGCCA,HCC827
TCACGAATCCCTTGTG,H1975
CAGATCACAAGTTGTC,H2228
CTGTGCTTCGTTTAGG,HCC827
CCTAGCTCAGACACTT,HCC827
TCACGAAGTCGGATCC,H1975
GTCTTCGTCAATAAGG,H1975
CCTACCAAGACTACAA,HCC827
GTCCTCAGTATAATGG,H1975
AACCGCGTCGAACGGA,HCC827
GTGCAGCGTCCTAGCG,H2228
ATCTACTAGGGTGTGT,HCC827
GACGTTATCCACGTTC,H1975
GCATGTATCCTTTACA,H1975
ACTATCTCACGACGAA,HCC827
CTGATCCCAGAAGCAC,HCC827
AAAGATGTCCTTTACA,H1975
GGGCACTTCACGCGGT,HCC827
TAAACCGGTATAGGGC,HCC827
ATCTACTTCATTGCGA,HCC827
AGCGTATCATACAGCT,HCC827
TACTTACCATTAACCG,H2228
AGATCTGTCAACACAC,H1975
TGACTAGCATGCTGGC,HCC827
AAGGAGCAGCCACGCT,H1975
AAGGAGCCACATTAGC,HCC827
CATCCACCACTAAGTC,H2228
CTGTGCTTCTTACCGC,HCC827
CAAGGCCGTAGGCATG,H2228
TTTCCTCAGCGGCTTC,HCC827
AACTTTCTCTTGCCGT,H2228
GACGCGTGTCTGCCAG,HCC827
ACGCAGCCAGAAGCAC,HCC827
AGATTGCAGACCGGAT,HCC827
CACAAACTCCTAGTGA,H1975
AGAGCTTAGGACATTA,H1975
TACAGTGCAGCTGTGC,H1975
AGCGTATGTCTCGTTC,HCC827
GATCGATGTTCCATGA,H1975
AGGGTGATCTCTGCTG,H2228
ATGCGATAGTCTCAAC,H2228
CCTTCGAAGCGCTTAT,H1975
TTTGTCACATGCCACG,HCC827
GGGCACTAGGTTACCT,H1975
ATCTACTCAGACTCGC,H1975
CTCGGAGCAACGATCT,H1975
ATTCTACGTATGCTTG,H1975
TACCTATTCGTTGACA,H1975
CGTCACTCAGCGTCCA,HCC827
TGCTACCTCCTCAATT,HCC827
CGGGTCACATGTTGAC,HCC827
CGTAGCGCATTCGACA,HCC827
GATCGATTCGGAGGTA,HCC827
ATAACGCTCCCAACGG,H1975
CCACGGAAGGTGCTAG,H1975
ACAGCCGAGAAGGTGA,H2228
AAGACCTCAACACGCC,H2228
GTGCATAGTAAACACA,HCC827
TACCTTACACTTAAGC,H1975
GCTCCTAAGATGCCAG,H2228
TCGGGACGTGGAAAGA,HCC827
TAGGCATTCTTGTCAT,H2228
GTTCGGGTCCTATGTT,H1975
TGCACCTAGATCACGG,H2228
TGAGCATTCACATGCA,HCC827
GCTGCTTTCGAGAGCA,H2228
TGTTCCGCAAGTAGTA,HCC827
TCTGGAAAGTATGACA,H2228
CCTATTACAAGTTGTC,HCC827
CTCGTCACAAGCGAGT,H1975
AGTCTTTTCCGAATGT,H2228
ACTGAGTCAGTGACAG,HCC827
CACAGTAAGTTAACGA,H1975
ACGAGGACACACCGCA,H2228
TGTTCCGTCAATACCG,HCC827
CAGTCCTAGTTACGGG,H1975
TATCAGGCAGCTCGCA,HCC827
CGATCGGCAGTCCTTC,HCC827
TGGGCGTTCCGCATCT,H2228
GGACAGAGTGATGCCC,H1975
TCAGGTAGTCAAGCGA,H2228
GACGGCTGTCTACCTC,H2228
AAGGCAGTCCGAATGT,HCC827
TTAACTCCAGCTGGCT,H2228
TGCGCAGGTGTAAGTA,H2228
CACAAACGTGGCAAAC,H2228
CAACCTCGTCCCTACT,H2228
ACTGAGTTCGCCTGTT,H2228
CCAGCGAGTAAATGAC,H2228
CCTAGCTAGTTCGCGC,HCC827
GGTATTGCACATTAGC,H1975
CGCCAAGAGGCTCATT,H1975
CTCGTACTCTCGAGTA,H1975
CCTAGCTGTCGTCTTC,H2228
CAGGTGCCAGTCGTGC,HCC827
ACGCAGCAGGAATTAC,H2228
TCTTCGGTCCAGAGGA,H1975
CCTTCGAAGAAACGCC,H1975
AGAATAGAGTTTCCTT,H2228
ACATGGTCAGTATCTG,HCC827
GTACTTTCACATTTCT,HCC827
CGGAGTCCATTGAGCT,HCC827
TTCGGTCAGTACGCCC,HCC827
TAGGCATCACCAGCAC,H2228
AGGGAGTAGGCTCATT,H1975
GAACATCCAAAGTGCG,H2228
ATCTACTAGCGTGAAC,HCC827
TCGTAGATCCCATTAT,H2228
TTAGTTCCAATGGACG,H2228
GCGAGAAAGGCGCTCT,H2228
GCACTCTTCAGTACGT,H2228
CTCATTACAACTGCTA,H2228
GCACTCTGTTGAACTC,H1975
GATCGCGGTGATGTGG,HCC827
GGACATTCAGGGTATG,HCC827
ACTGCTCCAGGACCCT,HCC827
CATTATCTCTTACCGC,H2228
TCTGGAAAGTGTTAGA,HCC827
ACGGGTCAGTATTGGA,HCC827
ACATACGCACAAGCCC,HCC827
CTCGTACCATCTCCCA,H1975
ACTATCTGTCGTGGCT,HCC827
ACCGTAATCGCAAACT,H2228
TCGGTAATCATTCACT,HCC827
CAGATCAAGGCTAGCA,H2228
TGACTAGAGTTGTAGA,H1975
GGTATTGAGCACCGCT,H2228
GAGGTGAAGTGCGATG,H2228
GTGCGGTCAGTGACAG,HCC827
ACGGGTCCAAAGGAAG,HCC827
CGTCCATAGGCCGAAT,H1975
AACCATGCATGGTCAT,HCC827
GATCGCGTCCCACTTG,HCC827
TCTCTAATCAATAAGG,HCC827
GTGTTAGGTATCTGCA,H2228
ACTGATGGTAGATTAG,H1975
TGACGGCTCGTATCAG,HCC827
ACGGCCACAGCCTTGG,H1975
TACTTGTCATATGGTC,HCC827
ATTGGACAGGCTCAGA,HCC827
CCCTCCTGTGTGACCC,H2228
GGGAATGTCTCCCTGA,H2228
GTCACGGCAATGAATG,H2228
CGATGTACAATTCCTT,H2228
ACTTTCACAATGAAAC,HCC827
TAAGCGTAGGATATAC,H1975
TGAGCCGGTCAACTGT,H2228
ACCCACTCAATGTAAG,H2228
ACGTCAAGTATGCTTG,H2228
ACACCAAGTCACTTCC,H1975
TCACAAGGTCTTGTCC,H1975
ACCGTAAAGTGGTCCC,H1975
TGAGAGGGTCCAAGTT,H1975
CCTTCGAGTGAGTATA,H1975
GGAACTTGTGTGAATA,H1975
TACCTATAGCCAGTAG,H2228
ATCACGATCTGGTTCC,H2228
GACGCGTCATATACCG,HCC827
TCGTAGAAGATTACCC,H2228
ACCTTTATCTACCAGA,H2228
CAGTAACTCCAAGTAC,H1975
CTCTGGTAGGGTCGAT,H1975
CACCTTGGTTATCGGT,H1975
CCACCTAGTCGCGAAA,H1975
GACGTTAAGGCATTGG,H1975
ATCGAGTGTCCAGTAT,H1975
CTACGTCAGCTAAACA,H1975
TAAACCGGTAAGGGCT,H2228
GTTACAGTCCTTGACC,H1975
CGAATGTAGCTCTCGG,H1975
CCTTACGAGATGCCTT,H1975
CACCAGGAGTACTTGC,HCC827
CTAACTTGTCCCGACA,H1975
GATTCAGTCTTGACGA,HCC827
CGTCACTAGGACATTA,H2228
CCATTCGGTACAGCAG,H1975
GCGAGAACAAGAAGAG,HCC827
GACACGCCACGACTCG,HCC827
GCAAACTAGACGACGT,H2228
TCACAAGTCCTTGACC,H1975
AAACCTGCAGACACTT,H2228
TGGACGCAGACAAAGG,HCC827
TTCTCAATCACGGTTA,H1975
CTTGGCTCAGACGTAG,H2228
AGAGCTTAGTAGGTGC,H2228
GGGATGAGTCCGCTGA,HCC827
ATGGGAGAGACTACAA,H2228
GTCGGGTTCTCAACTT,H2228
ATTACTCTCAATAAGG,H1975
TGTGGTACACCTCGTT,H2228
GAAGCAGCACCAGCAC,H1975
ATCATGGTCTGACCTC,HCC827
GGTGAAGCACGGCGTT,H1975
GACAGAGCATATACGC,H2228
TAAGTGCTCTCCGGTT,H1975
GCTGCTTCAACAACCT,H2228
CGATGGCCATGTCCTC,H2228
CAACCTCCACGGTAAG,H2228
CTAGCCTCATGTTCCC,H1975
CGTTCTGTCAGAGCTT,HCC827
AAAGATGCACATTTCT,H1975
CTTAACTAGACCGGAT,HCC827
GGCGACTGTTCCTCCA,HCC827
CACAGGCGTTTGGGCC,H1975
ATTGGTGAGAGCTGGT,H1975
CACCTTGTCTTACCGC,HCC827
AACACGTGTCAGAAGC,H1975
AGCATACGTCTCTCTG,H1975
TACAGTGCACAGGAGT,H1975
GACAGAGTCAGGTAAA,HCC827
CGAATGTAGTGGGCTA,H1975
CACCTTGTCGGTCCGA,H2228
AGCATACAGCAGACTG,H1975
CAGATCACACCATCCT,H1975
TTCTCCTTCAACTCTT,H2228
CGTGTCTCATGACGGA,HCC827
CCACTACAGTGAACAT,HCC827
AGTGAGGAGACCGGAT,H1975
GAGTCCGGTTCCTCCA,H1975
CACAGTACAGTCACTA,H2228
ACCTTTAAGATATACG,H2228
CGATGGCTCTTAGCCC,HCC827
TAGACCACAATCGAAA,H1975
CCTTCGAAGTTCGCGC,H1975
GACGTGCTCGTTGCCT,H2228
GACTAACGTTAGATGA,H2228
GAATAAGCAGTTCATG,H1975
CCTTCGAGTTGAGTTC,H1975
TTGAACGCACATCTTT,HCC827
TGTTCCGCACAACGTT,H1975
CTAACTTGTTCCAACA,HCC827
ATAAGAGGTTGCGCAC,H1975
AGAGCGAAGTTACCCA,H1975
CCTATTAGTGGACGAT,H2228
CCTTACGGTTTAGGAA,H2228
CGAGCCAGTCAGATAA,H1975
CTAACTTGTAGCGTGA,H2228
TTCGAAGGTGGCAAAC,H2228
CAGCAGCTCACCTCGT,HCC827
GAATGAAAGAGGTAGA,H1975
CTGATCCAGTTGAGTA,HCC827
CATATTCAGCGATTCT,H2228
AACTTTCGTACGAAAT,H2228
TTTCCTCGTTCGAATC,HCC827
TCAGATGGTAAGTTCC,H1975
CTTGGCTAGATAGGAG,HCC827
TCAGATGGTATCACCA,H2228
CACCTTGGTATCGCAT,H1975
TGCGTGGCATCGACGC,H2228
CTTGGCTAGTCCGTAT,HCC827
CGACCTTCAAACTGTC,HCC827
GTGCAGCCAGTTCATG,H1975
ATCTACTAGTCTCGGC,HCC827
GTGAAGGAGTACATGA,H2228
GTGCATACAATGGATA,H2228
ACATGGTTCTACCAGA,H1975
CTAACTTTCGCGATCG,H1975
TGGCTGGTCGTTTATC,H2228
GAACCTAGTCATATCG,H2228
GCAATCAGTCCGAAGA,HCC827
CTTACCGCACCGAATT,H2228
CATGGCGGTACCGTAT,H2228
TTGGAACGTCAGAAGC,H2228
GATTCAGCATCAGTAC,H2228
GACTAACTCGAGAGCA,H2228
AAATGCCCACTTCGAA,H1975
CAGAATCAGTTAGCGG,H1975
ACGATACGTCCGAAGA,H2228
CAGTAACCATGCAACT,H1975
CAGCAGCAGTGTGGCA,H2228
TGAGCATCACGGATAG,H2228
AAATGCCTCATATCGG,H1975
CTCATTACACATAACC,H1975
CCTACCATCATAACCG,HCC827
AGGGAGTCAACTTGAC,H2228
GCATGATGTCTTGATG,H2228
GTGCAGCCAAAGCGGT,H2228
CCTTCGACAGTGAGTG,H2228
TCGCGTTTCTCTAGGA,HCC827
ACGAGCCCAGATGGGT,H2228
CTTAGGATCGCCAGCA,HCC827
CACATTTGTCTAGTCA,H1975
GTCCTCAGTAGGCTGA,H2228
GACAGAGCAGAGCCAA,HCC827
CGAGCCACAGTTCATG,H2228
GGACAAGAGTCCAGGA,HCC827
CTTAGGACAGCTGCAC,H1975
CATGGCGAGCCCGAAA,H2228
ATAAGAGCATCGATGT,HCC827
GAGGTGAAGCGATGAC,H2228
AGTAGTCGTACCTACA,H1975
ACGCAGCTCACTTCAT,H2228
CAGCGACAGAACAATC,H2228
ACGCCGAGTTAAGACA,H2228
ACTTGTTAGAGCTTCT,H1975
AAGGAGCTCCGCAAGC,HCC827
ACCCACTAGGCAAAGA,H2228
TGAGCCGTCGCAAACT,HCC827
CCACTACCAGACACTT,HCC827
GTAGTCAGTTATCCGA,H1975
TGCCCTAAGTCTCGGC,H1975
GCTGCTTGTCGAATCT,H1975
CACATAGAGAGATGAG,H2228
GACGGCTGTCTAGGTT,H2228
TCAGCAATCGTTACAG,H2228
TGTGGTACATTGGGCC,H2228
GGGAGATCAAGAGGCT,HCC827
GCTCCTACAGCCAGAA,H1975
TCTTCGGCATGAAGTA,H1975
CATCAGACAGCCTTGG,H1975
TGAAAGAGTGCAACTT,H1975
GGACGTCAGAACTCGG,H1975
CTCGGAGGTTTGTTTC,H1975
ACTGCTCTCAGCTCGG,H2228
AACTCTTGTACAGACG,H2228
CAACTAGTCCTCCTAG,H2228
CAGATCAAGATCTGAA,H2228
CCACGGACACATCCGG,H1975
TTGGCAATCATGTAGC,H2228
AACTCCCGTAAATACG,HCC827
AGTTGGTCACCACCAG,H1975
CTCGAGGAGAAGATTC,H1975
CGCGGTATCTGATACG,H1975
GTCGTAATCAGGCCCA,H1975
GTCATTTAGAAGATTC,H1975
TCGAGGCCAGCCTTGG,H2228
GTTTCTAGTGTGCCTG,H2228
TCATTTGCAAGCGTAG,H1975
CTGATCCTCTGCGGCA,H1975
AGCTCTCGTTCGCTAA,HCC827
TCGCGTTCAGCTGTTA,H2228
GGCGACTCATATGAGA,HCC827
GTTCTCGGTGATGATA,H1975
TAAACCGTCCACGCAG,H2228
CGGTTAAGTGACAAAT,H2228
TGCTGCTTCAGTTTGG,H2228
CTGATCCGTTACTGAC,H2228
CGACCTTAGTTATCGC,H1975
TCTTCGGAGCTAAACA,H2228
ACATACGCATCACCCT,H2228
CGTAGGCTCATGCATG,H1975
GTGTTAGTCATGTCTT,HCC827
GCAGTTAGTACAGCAG,H2228
ACGGAGAGTGTCGCTG,HCC827
GTGCGGTTCCTAGTGA,H2228
TAGGCATTCCATGAGT,H2228
CACACTCTCAACCAAC,H2228
GTAACTGTCAGCTTAG,H2228
TAAGTGCCAATAGCGG,H1975
CCTATTATCAGCCTAA,H1975
CGACCTTTCAAGATCC,H1975
ACACTGAGTCCATCCT,H1975
TCGAGGCTCGGAAACG,H1975
AAGTCTGCATTCCTCG,H1975
GGGTCTGCATTGGTAC,H2228
GGGAGATGTTGTGGAG,H1975
TAAGAGATCTCCCTGA,HCC827
CGCGTTTGTCAATACC,H2228
GTCGTAAGTACTCGCG,H1975
AGTCTTTGTGCCTGCA,H2228
GCGCGATCAGCAGTTT,H2228
GGCAATTCAATAGCGG,H1975
TCGTACCGTAAGGGAA,H2228
TCAACGATCTGGTATG,H1975
GATGAGGGTACGCACC,H1975
TGTTCCGGTACAGACG,HCC827
ATTACTCTCGTCTGAA,H1975
ATTGGACGTCAACTGT,H1975
CTTTGCGTCCATTCTA,H1975
TGCTACCAGCGAGAAA,H1975
GGGATGAAGATGTGTA,H2228
AGCTTGATCCCAGGTG,H2228
CGGACACGTGCAACTT,HCC827
TGACTTTAGAGCAATT,H1975
CCCAATCTCCGGGTGT,H2228
ATGTGTGAGATCCGAG,H2228
GGAATAACACACAGAG,HCC827
TGTCCCATCGACCAGC,H1975
TATCTCAGTCTACCTC,HCC827
CACAGGCTCTTGACGA,H1975
GCTTCCACACACAGAG,HCC827
TGAGAGGGTAGCAAAT,HCC827
CCGTTCAGTCAGTGGA,H2228
CATCGGGGTCCGAATT,H2228
GAATAAGTCGAATCCA,H1975
CCTTTCTAGTGTTAGA,H1975
CGACCTTAGGCAGGTT,H1975
GGACATTAGCTGAACG,H1975
TGTCCCAAGTTAGGTA,H1975
ACACCCTCAATAGAGT,H1975
GTGTGCGTCGCGGATC,H1975
GCAAACTCATGAGCGA,H2228
CACCTTGAGTAACCCT,HCC827
CTTTGCGAGCAAATCA,H2228
TGGCGCAGTCAAACTC,H1975
TTGCCGTAGTGTCCCG,H2228
AGGGTGAAGTAGGCCA,H2228
TTGCCGTGTCACCCAG,H1975
CCTATTACATCGGTTA,H2228
TGACAACAGACTAAGT,H2228
AAGACCTTCTCGTTTA,H1975
GTAACGTGTGGCAAAC,H1975
AACCATGAGCAATCTC,H2228
AACTCAGTCATCACCC,HCC827
GGCGACTTCATATCGG,H1975
TAAACCGAGTACATGA,H2228
CTCTACGCACATTCGA,H2228
TACGGGCCATATGGTC,H2228
CATCGGGTCAGATAAG,H1975
CAGCATACAGCATGAG,H1975
TATGCCCGTTGGAGGT,H2228
GATCGATAGGCTAGGT,H1975
AAGGAGCTCCACTGGG,H2228
AACCATGAGCGTAGTG,H1975
GTCACGGGTGCACGAA,H1975
GACAGAGTCTTGCAAG,HCC827
CCTACCACAGTGGAGT,H2228
GAACGGAGTTGCTCCT,H2228
AGGGTGACACACGCTG,H2228
CCCATACCAGATCCAT,H1975
CGCGGTACACAGAGGT,H1975
TGTGGTAAGTACTTGC,H1975
GATGAAAGTCTGCAAT,H1975
GATCGATAGGATTCGG,H1975
TTTGGTTAGACTCGGA,H2228
CCTACCACACACGCTG,H2228
TGAGAGGCACAAGTAA,H2228
TGACAACCACAGCGTC,H2228
CCGTACTGTACTTCTT,H2228
CTTAGGAAGCAACGGT,H2228
AGCCTAACATACTCTT,H2228
CAGATCATCGCGATCG,H2228
CAGCCGACAGAGTGTG,H1975
GTTTCTAAGCCACCTG,H2228
TGGTTCCTCGGCTTGG,H2228
AACTCCCGTCGCATCG,H1975
GCGACCAAGCGTCTAT,H1975
CACTCCAAGCCGGTAA,H1975
GAGCAGAAGAACTCGG,H1975
GGCGTGTTCGCATGAT,H2228
AACACGTTCCGCATAA,H2228
AGTGTCAGTGGCAAAC,H2228
TTTGCGCGTGACCAAG,HCC827
CCACCTATCGATAGAA,H2228
CATCGGGAGAGGTTAT,H1975
CGGACACAGAGAGCTC,H2228
TAAACCGCACGAAAGC,HCC827
TGGCTGGCAAGAAAGG,HCC827
CTCACACAGAAACGAG,H1975
GGGCACTGTGAGTATA,H1975
CCACGGATCCAAACTG,H2228
GACGTTAGTCCAGTGC,H1975
CACATAGAGTGCTGCC,H1975
TGGCGCAAGGCACATG,HCC827
TCGCGAGTCCCAGGTG,H2228
TAAGCGTAGCAATCTC,H2228
CGTCACTCAATGGTCT,H1975
GTGGGTCTCAGCTTAG,H1975
TTCTCCTTCATCATTC,H1975
GTATCTTCATGGTCAT,H1975
TTGACTTCAGGGCATA,H2228
CCGTACTGTTTCGCTC,H2228
CACACTCGTAGCGTAG,H2228
GAAGCAGCATAGTAAG,H1975
TAGACCATCACTTACT,H1975
ACCTTTACATACAGCT,H1975
CTGATAGCAAGCTGTT,H2228
AGCGGTCTCCGCATAA,HCC827
ACATCAGTCTGCGTAA,H1975
CCTTCGAGTCAATACC,H2228
AAGGTTCTCGCTTGTC,H1975
GTACTCCGTCCAACTA,H2228
CGGCTAGGTAAGGATT,H2228
TGTGGTAAGTCTCGGC,HCC827
TGACAACAGGTAAACT,H2228
CTGAAACTCATAAAGG,H1975
AGTCTTTAGAGCTATA,HCC827
CCATTCGGTCGCATAT,H2228
CGCGGTATCAATACCG,H1975
TCGCGTTGTCTCAACA,H1975
AGTGGGACACACGCTG,H2228
TGGGCGTCATGAGCGA,H2228
GCTGCGACAGATGAGC,HCC827
TCATTTGCAAACGTGG,H1975
GACCTGGCACATGACT,H2228
GTTTCTAGTCGAACAG,H1975
TCAGGTAAGCCGCCTA,H1975
GGACATTCAGGGAGAG,H1975
TTTGGTTAGATGCCAG,H1975
CCGTACTTCGGTGTCG,HCC827
CTTAACTAGCTACCTA,H2228
GTCTTCGTCTCCAGGG,H2228
TACCTATAGAGCAATT,H2228
CATATGGTCAGGTTCA,H2228
GCGCGATTCTAACTCT,HCC827
GCTTGAAGTTTAGGAA,HCC827
ACTGATGTCAATAAGG,H1975
GATCAGTAGCCCAATT,H2228
ACTTGTTCATGCATGT,H1975
AGTCTTTAGGAGCGAG,H2228
ACGCCAGTCCGGGTGT,H2228
TCGGGACTCTGCCAGG,HCC827
ATCTGCCTCCACGCAG,H2228
GGCGACTTCTTGAGGT,H2228
CCGGTAGAGCACAGGT,H2228
GTCGGGTTCTCTAAGG,HCC827
CTTACCGCAAGCTGGA,H1975
ATCCGAACACAGAGGT,H2228
CTGTTTAAGCTCTCGG,H2228
ACGGGCTCACAGATTC,H1975
GTTCATTAGATGAGAG,H2228
GACTGCGAGGAATGGA,H2228
CAACTAGCACTAGTAC,H2228
GTAACTGAGTGGCACA,H2228
TTTATGCTCTGTACGA,H2228
TACAGTGAGTGAACAT,H1975
TCAACGAGTCTTCGTC,HCC827
CAGTCCTGTGTATGGG,H2228
GTGGGTCCAAGCGCTC,H2228
CAACTAGAGAAAGTGG,H2228
CGGACGTAGGTGTGGT,H1975
GCTCTGTAGAGAACAG,H2228
TGCACCTCAATGGAAT,H2228
CAGGTGCCATTGGCGC,H2228
AAGACCTAGTGTCTCA,HCC827
TCGTAGAAGGACTGGT,H1975
CATCGGGGTACAGTGG,H1975
TGCTGCTCAGCGAACA,H1975
TCGGTAAAGATGTAAC,H2228
AACTCCCCAGTCGATT,H2228
GCTCTGTGTGAGCGAT,H1975
GCGAGAATCGCCTGAG,H2228
CTGCCTAGTGAGGGTT,H2228
ATTTCTGCAAATACAG,H2228
TATGCCCCAGGATTGG,H2228
GACCTGGTCGTGACAT,H1975
TCAACGATCGAGCCCA,H1975
GCCTCTAGTTTGGGCC,HCC827
GCATGATAGAGTTGGC,HCC827
GGATTACAGCTAACAA,H1975
GTGCTTCAGTTAACGA,H1975
AGTGTCACACGTCTCT,H2228
CTTTGCGTCGGCTTGG,H2228
CATCCACAGTCGTTTG,H2228
CCAATCCGTACAGACG,H1975
CGCCAAGGTCGACTGC,H1975
CGGTTAAAGAGTAATC,H2228
GGCTGGTAGCTAGCCC,H2228
CACAGGCGTTCCAACA,H1975
CGGACACTCCACGACG,H1975
GACAGAGGTCGCGAAA,H1975
AGGGTGATCGGCATCG,H2228
TTTGGTTAGACTGGGT,H1975
GTCACGGAGAAGGCCT,H2228
ACCGTAATCAAACCGT,HCC827
AACTTTCAGATACACA,H2228
TTTGTCAAGATCCCAT,H2228
CTCTACGTCTTTACGT,H1975
GACCTGGCACTTCTGC,H1975
GCTTGAAAGCTAGGCA,H2228
GCCTCTATCTGCCAGG,H2228
ACCGTAACATCGTCGG,HCC827
GCTGGGTCAGACGCCT,HCC827
ACTGCTCTCTACCTGC,H2228
AGGTCATAGTCACGCC,H1975
GGCGTGTCATATACGC,H2228
AGCAGCCGTTCTGGTA,H2228
AGGGAGTTCCCAACGG,H2228
TTAGGCATCCACTGGG,H2228
GATGAAAAGTGCCATT,H2228
TGAGCATAGCCTTGAT,H1975
CCGGTAGAGTGGTAAT,H2228
ACATGGTCAAGCCCAC,H2228
TCTATTGCATGGAATA,H2228
TACGGTAAGGATTCGG,H1975
GGGCATCGTTCCACTC,H1975
GCTCCTATCGCTTAGA,H2228
CTCTAATGTCGGGTCT,H1975
AGAGCTTAGTGGTCCC,H1975
GGGCATCCAGCTATTG,H2228
ACGCAGCTCTGAAAGA,H2228
TCAGCAAAGGAGTACC,H1975
AGCGGTCGTGATGATA,H2228
TGAGCATCAGTCAGAG,H1975
GTTCGGGAGCAGATCG,H2228
GGGATGAGTGTGGTTT,H1975
CGCGTTTAGGTGGGTT,HCC827
GTCGTAAAGCGATCCC,H2228
TGGCTGGCACCGTTGG,H2228
TGGCGCAAGCTAGTTC,H1975
TGCCAAACAAAGGAAG,H1975
TCTGGAACATTTGCCC,H2228
TCAGGATGTTTCGCTC,HCC827
TCTTCGGGTTGGTAAA,HCC827
GTCGTAATCTCGATGA,H2228
GGATTACCAGGATCGA,HCC827
TGGCGCAGTCAATGTC,H2228
GTGGGTCCATGGTCTA,H1975
CTCTGGTTCCCTTGCA,H1975
ATTACTCGTCCCGACA,H2228
AGTGAGGAGCTAGTGG,H1975
GCAATCACACTTCTGC,H2228
ACGAGGAAGGCACATG,H2228
CCTTTCTAGACTACAA,H1975
ACTGATGGTAAGGATT,H1975
AGCGGTCAGGCGTACA,H2228
CTCCTAGGTCTTGTCC,H1975
AGGGTGATCAGTTGAC,HCC827
CTGCCTATCTGAGTGT,H1975
GCGCGATGTAAGCACG,H1975
CGTGAGCAGTGGGATC,H2228
ACCTTTAAGTCTCAAC,H1975
CGTGTAAAGGACACCA,H1975
CGTAGGCTCCGCGTTT,HCC827
TTGCGTCGTACCTACA,H2228
CTCTACGTCTGTACGA,HCC827
TGACTAGTCACCACCT,H1975
ACGATGTGTCATGCAT,H2228
CGTTGGGAGCACGCCT,H1975
ATAAGAGGTACCCAAT,H2228
CGCGTTTAGATCGGGT,H1975
CGTGTCTGTCCGCTGA,H2228
GTGTTAGTCTTCGAGA,H2228
AGAGCTTTCTGGGCCA,H2228
GGACATTGTGATAAAC,HCC827
CGATTGATCTAACTCT,HCC827
GTCATTTAGAGTACAT,H2228
TTAGGACTCCCAGGTG,H2228
TCGCGAGGTGGCCCTA,H1975
GCGGGTTGTCGCGGTT,H2228
GCTGGGTGTTAGATGA,H1975
GCGGGTTGTCCAAGTT,H1975
AGGGATGCAAGCGTAG,H1975
TTCTCAATCACCCGAG,HCC827
AGGGTGATCTCAAACG,H2228
TAGTGGTGTGCATCTA,H1975
CCAATCCCACTAGTAC,H2228
CGATGGCTCTCACATT,H1975
GTTTCTAAGTACGTTC,HCC827
AGATCTGAGGTGACCA,H1975
GTATTCTCAGATCGGA,H2228
CGAGCACTCACCATAG,H1975
GATCTAGTCTCCAGGG,H1975
GCTCCTATCGTGTAGT,HCC827
GCGCAGTAGACTGGGT,H2228
TACTCATCAGTCACTA,HCC827
AGCGTCGTCGTCCAGG,H1975
GGACAGATCGTACGGC,H1975
CGAGCACAGCGATCCC,H2228
TTGACTTGTCAGAAGC,HCC827
CGTAGGCGTGACAAAT,HCC827
